Name,Code,Revenue
შპს ლუკოილ ჯორჯია,204976302,60730598
სან პეტროლიუმ ჯორჯია,404391136,49958517
საგზაო კომპანია თბილისი,203825959,27653418
გზა,245525132,27055034
სანი,220016113,27054220
შპს ნიუ კონსტრაქშენ,243917302,26571928
ქართული კვების კომპანია,401960339,24418800
კავკასუს როუდ პროჯექტ,202258243,23753135
ბლექ სი გრუპი,204477734,21851286
თეგეტა მოტორსი,202177205,21404870
ზიმო-7,245424919,19701010
პსპ დაზღვევა,204545572,18722675
რომპეტროლ საქართველო,204493002,18323764
სსელექტრომოძრავი შემადგენლობის სარემონტო ქარხანა თბილისის ფილიალი,209450137,18303781
ცეკური,209442174,15256970
შპს ტელეკომპანია პიკ,202395247,14000000
ტოიოტა ცენტრი თბილისი,211346220,13533171
შპს ნიუ ენერჯი,205026559,13482636
ენგური 2006,202310953,12722778
გზამშენი_4,204388402,12449129
იბოლია,217873031,12072827
გეომშენი-2004,204466513,11631388
მონოლითმშენი,201943870,11153426
აჭარგანათება,245546486,10168090
ანაგი,245416401,10069233
იუჯითი,204892964,9761894
ორნამენტი,202230889,9247170
შპს. გზამშენი-5,243855128,9117483
ჯი პი სი,201991229,8711402
არ-დი-აი,202175840,8555110
საქართველოს სამხედრო გზა,229284191,8492817
არქეოპოლისი,239862038,8326849
ს.ე.ნ.,205218183,7947354
დაგი,205022134,7885165
შ.პ.ს. ალგორითმი,205043237,7759457
შპს უნიგრუპი,205054894,7633458
საგზაო სამშენებლო სამმართველო №1,217890584,7412341
სუფთა სამყარო,204490096,7375829
ავერსი-გეოფარმი,203834075,7358365
სამედიცინო დაზღვევის ჯგუფი ს.ს. არქიმედეს გლობალ ჯორჯია,204543869,7246723
სილქნეტი,204566978,7172872
საქართველოს ჰემოფილიისა და დონორობის ასოციაცია,204861202,6891777
მოწინავე სამედიცინო ტექნოლოგიები და სერვისი,202059725,6842397
არტესი,205230212,6799590
ბორანი,231960296,6755762
არალი,222725807,6675970
ტ და გ,205221687,6492270
ტრანსმშენი,212274812,6479072
ნდს მშენებლობა,206046795,6214702
საგზაო-სამშენებლო-სარემონტო კომპანია სერპანტინი,231165529,6191369
მემონტაჟე ნიკა,206035832,6164488
გრინსერვისი,206281236,6088541
პრიზმა,200022723,5816028
ფუდსერვისი,205179849,5587170
მტმ,431945078,5384555
მამისონი,205204250,5287161
ტობე,212817610,5262752
სადაზღვევო კომპანია ჯიპიაიჰოლდინგი,204426674,5135958
ჯორჯიან ბრიჯ ქონსთრაქშენ,404878405,5127570
შპს NAREM CBM,445387830,4779184
შ.პ.ს. ალტა,211380691,4708873
გზები,245425393,4650069
ავტობანი,202268946,4623767
ავტომობილი2003,216398226,4616408
გზაჯვარედინი,206143298,4558766
ნეოტექი,206201698,4519588
ამბროლაურის ავტოგზა # 10,222934243,4430118
შპსგზები და კეთილმოწყობა,202399920,4259417
შპს RSP-40,202364832,4237229
ნიუ მეტალ ჯორჯია,404380629,4009472
შპს ბიზნეს ჯგუფი 2010,208141321,3999313
შპს ვერელი +,218064341,3970797
პსპ ფარმა,202203123,3794550
სპეცმონტაჟმშენი-2007,200225531,3783812
ტექსუსი,204450325,3761809
ტ.ტ.,206169509,3661735
ჯ და ჯ,221269080,3499197
სს სამშენებლო საწარმო გაერთიანება იმერეთი,230028145,3433006
FIN-ESTATE,401959136,3396354
ელფია,208144220,3381072
სამშენებლო კომპანია ბათუმი,445388303,3331519
იბერია21,212677968,3264961
ფიროსმანი,245423956,3239187
ორიენტ ლოჯიკ,202052054,3108183
დელტა სისტემსი,205256131,3016813
კომპანია მედინსერვი,201951094,2993369
საქმილსადენმშენი,221267064,2990716
ნიტექსი,204525852,2949321
კავკასია პლიუსი,205083201,2859470
თემა,216400598,2845317
ბერძელქვა-20,406024573,2807199
ალიანსი-2007,200216630,2805097
შპს. საავტომობილო გზების რეაბილიტაციისა და მოდერნიზაციის ზედამხედველობის დირექცია,212272477,2800000
ულტრა,206258182,2754694
ახალმშენი+,206322264,2727835
ნილი,200135558,2720766
დაგი+,412671657,2694346
მეგა სერვის ცენტრი,202429942,2677598
შპს საგზაო 2003,205270534,2603080
ინტერ პლიუსი,240420193,2569883
არქმშენი-2006,245580937,2546466
კავკასუსინვესტ,400016335,2525123
მაკალე,205286956,2506672
დათა+,206291298,2451873
შპსივერია მოტორსი,202342535,2438205
გემო,445389794,2433462
შპს კია მოტორს ჯორჯია,236096675,2430553
აგროინვესტსერვისი,205210190,2414860
შპს ბედეკი,204512535,2401657
შპს დიკა 2010,406027981,2391638
ვაკო,208217883,2279399
ნოვა,205066907,2260000
შპს კრისტალი,200179270,2193174
შპს აზრი,204452662,2188706
კრედო XXI,245542818,2176056
ასტორია,224067630,2140935
ამბროლაურგზა7,222934305,2116501
შპს თბილისის პორტალი,204533004,2094596
აბგ და კომპანია,208140091,2085967
ვიალუქსი,404860227,2050152
შპს ექსაპი,206339826,2025178
ავერსი-ფარმა,211386695,2016905
შ.პ.ს. ხინო,445385495,1918180
შპს ახალი გზა,404940249,1891866
მიწისა და უძრავი ქონების პროფესიონალთა ასოციაცია,204395984,1885119
თბილისის საერთაშორისო საავიაციო სასწავლო ცენტრი,206343893,1767723
ბიემსი გორგია,245621288,1758020
გონი 2009,200273015,1753399
გლობალ სერვისი,412671568,1734155
შ.პ.ს.ზუგდიდის საგზაო სამმართველო,219987067,1734093
ალპა+,206331879,1708378
შპს მეტალქონსთრაქტინგ,406031093,1704000
გარანტი 2007,248054386,1697394
ტეხო ჯორჯია ლიმიტედ,205255588,1696975
ლიჩელი,404920010,1692759
ექსიმ ტრაფიკი,202344980,1655663
მბს,203838277,1638078
ჯანი,200008375,1627012
შპს გრანმარ ჯორჯია,245630474,1612500
შპს ვიტაფარმი,245422742,1593150
ტექნიკური ცენტრი გრო,202906953,1566776
შპს თელა,225059156,1504073
შ.პ.ს. CONCORD,400019172,1484387
D-MINERAL,404883603,1472077
სახელმწიფო სამშენებლო კომპანია,205140257,1460620
შპსსუფთა სამყარო აჭარაში,445386742,1429196
გუმბათი7,245595226,1422272
სადაზღვევო კომპანია აი სი ჯგუფი,204491344,1420265
მაი მობაილ +,205294705,1399546
ბანი,245540721,1390263
კავკასავტომაგისტრალი,238109202,1377774
შპს კაბადონი +,205186065,1359659
დემეტრე 96,205221614,1336940
შ.პ.ს. მშენებელი XXI+,205159193,1336598
ოფის1,204964039,1334528
მეგაგარანტი,205244083,1316310
შპს ლებე,232559718,1307000
Sps sanitaruli dasufTaveba,243911950,1292301
ბ-ბ ჯგუფი-2009,200270189,1281521
შოუ ტექნიკის ცენტრი,205073212,1263331
ჰიდრომშენი,242733930,1249654
ბელი,205172105,1239775
შპს უნივერსალ ჯორჯია 2008,248056516,1231512
მზიური ოცდამეერთე პლიუსი,236097362,1205870
მისტერ ქუუქ,404385713,1198174
შპს ლიდექსი,445395215,1192867
პრაიმი,404856526,1163196
ჯეოვითი,425052284,1158464
UNIVERSE,443854973,1144647
კანტი,200140267,1123104
შპს იბერია ტექ ავტომოტივი,236093473,1095662
ბი-ეს-პი,216454361,1075611
შპს ნობლექსი,204471561,1065240
შპს კავკასუს ონლაინი,211380833,1056938
ლოჯიქალ სისტემზ კომპანი,200242816,1054014
შპს სოკარ ჯორჯია პეტროლეუმი,202352514,1053900
ქომუნალ ტექნოლოჯი,205294411,1038046
კონსტრუქცია,216394168,1034000
წყალტუბოგზასერვისი,221297674,1027100
ვერტექს მანუფაქტურინგი,205161956,1012900
დასასვენებელი სახლი თბილისი,226119223,1008765
ჯი-აი-დი,406032859,1008491
ჯეოონო,416292185,1005946
თბილი სახლი,204976179,1005432
MUEHLBAUER AG,0,999900
ექსიმ ჯორჯია,205042577,995188
მედიკალ სოფტი,404859676,976165
შპს სენტინელი ჯი ემ ჯი,245622429,967824
ივერმედი,211357841,953317
დავითი-100,206339504,945730
შუმერი,400034495,936698
რაგო,201990122,933812
ემ-ბი-ჯი,401956102,933482
ბარდი,205288160,929926
პი.ემ.ჯი,404863803,925468
შპს ჯი აი თი - 2007,202372100,923151
ტერმინალი,220004616,922039
გეო-აპექსი,202223147,887757
შპს იუნაიტედ სეკურიტი,204994159,882938
ჯი-თი-აი,445398855,879305
თეგიკა უნივერსალი,212871383,877946
პროექტმშენკომპანი,204979103,867892
რემმშენი-ბორჯომი,226109626,865669
მკ,230026986,858684
თ.ფ,206126191,856738
საქართველოს საზოგადოებრივი ჯანდაცვის და მედიცინის განვითარების ფონდი,203864586,852956
შპს იბერია ავტოჰაუსი,236081832,850364
ინ-სი,206278516,850173
გუმბათი-1,245567140,842247
სერვისი+,427716475,834221
შპს ნუტრილაინი,205268379,833365
თელა 2012,406061755,824569
ჰესპია მური,200273989,819357
შ.პ.ს. ამირანი,234160421,817829
სამეურნეო სამსახური,200192353,816955
შპს პალადა,205180472,810898
ბაღდათის ავტოგზა,225052732,806555
შპს მდგრადი,225384429,802895
შპს მედაირი,208145979,796144
მობილფონი,201950228,794904
სს აკად. ო. ღუდუშაურის სახ. ეროვნული სამედიცინო ცენტრი,202193544,794170
დნიპრო,245572170,784999
როიალ არტ,404873570,782551
არტ ჯი,205233362,781310
ენ ჯი თი ჯგუფი,204524274,779898
კასა ტრეიდი,206344213,767739
შპს კომუნალური 1,240420184,761804
სადაზღვევო კომპანია ალფა,204568896,759640
გის და დზ საკონსულტაციო ცენტრი გეოგრაფიკი,204920309,753273
SEMEX GEORGIA,404393679,739448
მ.ჯ. ენდ კომპანია,206335287,738269
შპსდ.გ.ევროკომპანი,205244555,730354
ჯეო-ლი,205229411,722207
შპს გეოლოდი,445388161,716999
ინკლაინი,404392536,706158
რ და გ კომპანი,202344187,695000
ბრავო რექორდს,404868639,694645
ვინდლაიფ,216447281,683816
საერთაშორისო სადაზღვევო კომპანია იმედი ელ ინთერნეიშენალ,211358494,677000
სხივი,200214856,672507
ქიმიოთერაპიისა და იმუნოთერაპიის კლინიკა მედულა,205001987,658755
ფორმა,216312915,657262
კავკასუს სეფლაი,404865419,654082
ბესტევრისინგ,224092443,652339
გამომცემლობა ფავორიტი,208151435,650936
WEST  GROUP   XXI,248435750,641870
რამთა,228922921,630079
შპს ჯორჯიანმედი,200207819,629891
ბუროსიტი,204575414,618931
ვაისი,404877193,616900
შ.პ.ს. სეისმომედეგობა+,205263524,614062
ნიუმშენი,401944134,609838
ჰაიდელბერგბეტონ ჯორჯია,204559003,608600
მშენებლობა-პროექტირების ჯგუფი,200267763,606595
ტერექს-XXI,230095777,604188
თელავის ინფრასტრუქტურისა და უზრუნველყოფის სამმართველო,231170675,603049
კალციტი,228538008,594035
შპს გეპოლ,205255980,591164
ქეჩერა,205268681,579578
ცის-ნამი,201950969,578110
კომლენდი,212858852,578107
შპს ენსოლი,205236190,576949
ელიტ-პაპერი,200267344,571645
ემ-კომპანი,204496651,569547
სავარძელი,245548064,564639
ლამფალაში,226528889,558021
ინჟინერი,404873785,556546
შპსივერია აგრო,202458599,555103
თენგო+,242272401,552356
ბელუქსი,205185459,549842
ივაკო,200171857,544996
ახმეტის მუნიციპალიტეტის კეთილმოწყობის სამსახური,224631646,543143
შპს აი-დი სოლუშენი,206028243,540000
ტაბა,205190808,535621
ვანმშენი,229660131,534776
შპს ნნნ,205092077,528837
შპს სადაზღვევო კომპანია არდი ჯგუფი,404858631,528264
აგროდეკორსერვისი,248384822,526612
მისტერ გრინი,205221730,526047
შპს იბერია ავტო,236098129,524600
სანდასტექმრეწვი,204424195,514393
ო და კ ბილდინგ კომპანი,205118745,512999
გოუ ელექტრონიქსი,202464485,512361
კვირაცხოველი,228884366,511329
ნევროლოგიისა და ნეიროფსიქოლოგიის ინსტიტუტი,204472720,509320
მირკო,204996772,502590
შ.პ.ს.ტაო,238732591,497699
საქენერგორემონტი,236037962,496009
გზის მშენებელი,233643956,495905
ატლანტა,243867062,495499
კეთილმოწყობა,233113341,488607
ბავშვთა ნევროლოგიისა და ნეირორეაბილიტაციის სამკურნალო-საგანმანათლებლო ცენტრი,202056372,487776
სპეცენერგორემონტი,202198317,487400
გელანია,205288730,482631
ალგომე,445396312,479789
შპს მეგა მობი,406039807,477902
შ.პ.ს. ნაბო,200217595,477796
ნილე-ჯგუფი,245619996,472860
ზაუბერ აუტო,404864553,466394
სსსტანდარტ დაზღვევა საქართველო,204540274,465639
სტილექსი,205261893,464304
შატილი 21,245627825,462769
შ.პ.ს. მითანა,200233498,461040
შპს ვირშელი,412688499,447368
შპს  VENUS,404940739,446430
ახალი ქსელები,211326732,446174
სამშენებლო კომპანია ავტობანი,202307743,442410
ლასკარ-იმპექსი,205232648,442264
ჯორჯიან კომპანი,441993032,441335
ბიარტი +,401959252,439516
დევეპლიუსი,225390216,439295
შ.პ.ს. მანგლისი 2007,230869370,436800
მშენსერვისი,404898072,436180
green energi,426518903,433841
შარმ ტრეიდინგი,211397004,432938
დელტამედ ჯორჯია,401967742,429430
ჯეოლენდი,204447394,425951
ბ.ს.ბ.-კომპანია,216452906,420866
ისტ-ვესტ ტრაიდინგი,206128634,416065
შპს მედიქალ ბიოს ჯორჯია,205242450,415707
საკანცელარიო სამყარო,202335721,413379
გია კავკასია ლოგისტიკა,404929725,411250
პეგასი,400001314,409050
სს ჰემატოლოგიისა და ტრანსფუზიოლოგიის ს/კ ინსტიტუტი,211334331,408246
შ.პ.ს. ახვლედიანი აუდიტ კონსალტინგი,205236840,405374
სადაზღვევო კომპანია ვესტი,206144331,404859
უნივერსალი,238760444,403935
შპს 4444,445405598,403251
ლაბ დისტრიბუცია,200253705,393440
შპს იმუნოფარმი,404387301,392392
შპს აპექს გრუპ,202360701,390664
გამა მილენიუმი,439392630,390487
შ.პ.ს. ინოვესტი,406066625,387975
იმედი ავტო 5,404885629,387360
საქართველოს საერთაშორისო ენერგეტიკული კორპორაცია,230866783,379776
არქიტექსი,204911202,370739
საქართველოს სამეცნიერო-საგანმანათლებლო კომპიუტერული ქსელების ასოციაცია - გრენა,204931654,370054
იბერია,205018835,364874
სპს ბოლქვაძე ზურაბ,248047812,359527
იბერია ავტო ლენდი,236095177,358500
ჰეფი თრეველი,205204544,356853
შპს სენა ავტო სერვისი,205210396,346801
ათენა,444547064,345493
შპს დია ამო,245437077,342000
გზაკომუნპროექტი და ექსპერტიზა,205267227,338341
ინტეგრირებული ქართული სისტემები,205135824,337295
კომპაუდი,202385169,337084
შპს გეო ლოდი,245559890,334998
შპს მნმ-მულტიკომი,211382546,332174
ინტერლაბი,404877077,329713
ბაისო,245629280,329564
ნიუსი,430025215,328102
ოფთალმოლოგიური ცენტრი კატარაქტკლინიკა,404875836,319734
შპს ბერინგი,200264640,319330
შპს ვარზია,401974262,318635
გეოტექსერვისი,200087707,316806
გონი-011,445390791,316806
ავტოტრანსსერვისი,202435980,316700
ჩვენი სამზარეულო,205116355,314796
პრიმამედი,204963851,312605
მიმდემი,412679061,309576
შპს ~ ახალი მეგრელები 2012~,444547670,309481
შპს გერმა პური,205237224,307888
ჯეფი ჯგუფი,404887707,305900
დმგ ვესტ ლაინი,202383759,303014
ვიქტორია სექიურითი,205119762,301833
შპს ქართულ-ამერიკული სამშენებლო საწარმოLTD GACC,202460274,300000
ვეტერინალური კორპორაცია ვიტ ჯორჯია,200009258,298254
ჩათო,202464957,294101
ბათუმი არტ,445392245,293979
ბიგ ჯორჯია,200165463,291900
შპს აუტოსიტი,202331672,291480
ბორჯომი ვოთერს,226146872,291057
სოფთლაინ საქართველო,404867998,290148
სტუდია მეტრო,205189623,289582
პრაიმ ქემიქალსი,404867569,288920
გორის ბავშვთა კვების საკონსერვო ქარხანა,218080225,287027
საძირკველი 91,200007296,286748
ტრენაჟორების სახლი,204571524,285784
ტელკო სისტემს,205203279,285706
ფავორიტი სტილი,404379294,282375
მუნიციპალპროექტი,211402123,281688
სერვის კომპანია,406037612,281635
მეიდან ექსპრესი,206343223,279851
ინტერკონტინენტალი,205271702,277435
იბერმობილი,209482736,277189
შპს დავითი 2008,236097040,275744
თი-ვი ემ-არ საქართველო,205038966,275407
სენსონი,205138509,275092
საოფისე ტექნოლოგიები,205045164,274157
გიო და კომპანია,202224592,273922
ბიოლენდ+,404415156,273792
ავიასაწვავსერვისი,208145130,272394
ალაზანი,400035289,271541
პატრონ ჯორჯია,406030272,270114
MS,401961052,269512
არადუ-II,404399860,269276
ვაზი,228923216,269227
ბთმ გროუპ,245628316,267728
შპს საქართველოს საპატრიარქოს წმიდა იოაკიმე და ანას სახელობის სამედიცინო ცენტრი,204483380,266500
ბეღელი,404892194,261740
შპს ბუკა 2007,212884208,261210
შპს დაიმონდ პრო,406048977,260233
სარეკლამო კომპანია საყვირი,204525950,259500
ვერეXXI,211387346,259236
შპს უშიშროების და საკუთრების დაცვის სამსახური თორნი,211401936,259132
ბიო-მედი,204992393,254757
მერკური-7,218066562,253956
სპორტული სტრუქტურები,202461219,253136
ჯი-ენდ-ჯი+,204556934,252074
შპს ს.მ.ს.,400003321,251608
სს ჯანმრთელობა,204386823,247472
ნიუ ჰოსპიტალსი,205210467,246000
უნისტილი,200204108,244400
სოლარი+,245604751,244262
შპს ბავშვთა ახალი კლინიკა,404904573,244031
ნ და დ - 2000,211361113,242450
არტ-სოლანი,245565794,241094
აუთდორ.ჯი,205255917,238461
პირამიდა 555,246761927,236885
შ.პ.ს გარდაბანგანათებისა და კეთილმოწყობის სამსახური,226560860,236550
სტრომოსი,205228877,235676
გ.ჟვანიას სახელობის პედიატრიული კლინიკა,202454593,234946
შ.პ.ს. ევროტექნოლოგიები,205169360,233853
შპს MEDMARINE,445393164,232398
შ.პ.ს შერი,239401170,231781
ლიბერთი ბანკი,203828304,230420
ჯეოტურანი,412670499,229619
ეისითი  კვლევა,204441684,229600
ფენიქს კომპიუტერსი,205026130,228673
სოთ კო,205025248,227546
ჯეორესეტი,204560242,227147
მეგასპორტი,205244216,225540
შ.პ.ს.ინტერ-კომპანი,439860624,222800
შპს დიოკნისი,248054689,221654
მარიამი-2005,200195485,219174
მეგი და კომპანია,211387603,218692
შპს პენსან ჯორჯია,404870760,218031
შპს მ და კომპანია +,219636954,214592
შპს მაიქროსოფთ საქართველო,205278527,213995
ეივიბი,204568324,213545
შპს საქართველოს პლასტიკური წარმოება,200158364,210817
პროფი მარკეტი,404869923,210590
დიდოსტატი-1,228544554,204789
ნიუ ჯეორჯია,401958707,203789
ბოლნისის მოხუცთა პანსიონატი ჭაღარა,225377277,202901
შპს სერვისი,205044842,202362
GEORGIAN TRADING COMPANY,416298152,202070
ტრანს კრეატივი,404381628,200770
შპს ბესტ სელერი - წიგნის სადისტრიბუციო სამსახური,206338676,200011
ტიტალ საქართველო,417873215,199499
შპს სუფთა გარემო ჯორჯია,204567058,198032
დივა,236084964,197967
ქართული გახმოვანება,205239428,197800
ქარ რენთ ენდ თრეიდ-ინ ქომფანი,404851852,196540
ხობი 2005,244685131,196383
შპს Best Events Catering,406049556,195639
მოგზაური,205026675,195244
შპს საბი,211385758,195174
შპს მილენიუმ ოფისი,400008371,193948
მაგთივინი,204878622,193595
ფონდი  საქართველოს ბავშვთა ფედერაცია,204873556,192780
შპს G.S.A.,406070228,192736
ნუგეში,211385507,192280
ავტოლაინი,204491861,192237
აბა ჯგუფი,204562918,191871
ზახარ,202061053,191774
ფორესთ კონსალტინგი,205227912,191231
სტრადა,200264800,190800
თერაპიის სამეცნიერო-კვლევითი კლინიკა,401956184,190000
მშენ-ბენი,243918025,189706
შპს ფესტ ჯგუფი,205251092,187197
მიფასი,204920906,186993
მშენებელი,404378179,186653
მოტორსტარი,216402701,186347
შპს ინფოსერვისი,200001229,181103
საინჟინრო სამშენებლო ჯგუფი,226155399,180990
აკვარიუმი,200095690,180845
კარგო ლოჯისთიქს  გრუფ  ჯორჯია,205040882,177403
შპს ბბ კომპანი,204439269,176875
საქართველოს ეთერზეთები,404867499,176841
დიკე 2010,401955292,176590
შპს პროლაითი,404378151,175096
ნექსთ ჯი თი,404880580,174540
გადამზიდი,427717697,174370
პისიშოპ.ჯი,205198481,173838
შ.პ.ს.მომავლის საქმე,202456298,173253
გურამექსი,204379911,171270
ბათუმის ხელოვანთა სახლი-არგანი,245560717,170000
ჯეოვია,205274601,169370
ჰიდროსფერო,211386999,167500
შ.პ.ს მშენსპეცი,412678589,166605
ზუკა 2010,204575691,166000
საქნახშირი (ჯი-აი-ჯი ჯგუფი),230868120,165918
რელე2,404934826,165888
მონოლითმშენი-21,205224336,165131
სპს მაგი,224080768,164375
შპს არქმშენსტუდია 2002,218020914,163591
გაზეთი ჯორჯია თუდეი,203867119,162300
ვამაროსა,406037051,161100
მონოლითი-ა,445384487,160119
მშენებელი 2009,231289860,159729
შპს სამშენებლო სისტემები,206220169,157494
მშვილდოსანი,404385401,156134
მშენებელი 2004,205023277,155000
ოპერა,204497990,154033
სტილ საქართველო,401950377,153600
შპს გორიგაზმშენი,218036550,152454
საქართველოს ჯანმრთელობის ხელშეწყობისა და განათლების ფონდი,206167832,151920
აუთდორ ტიპოგრაფი,205281826,151029
უნივერსალი,204935767,149649
ელექტრობის და განათების კომპანია,205290576,149587
შპს ომეგა,211334830,149331
სი-თი-ეს ჯგუფი,400003232,148644
კახი ჯგუფი,202456270,148592
მშენებელი 2003,225381725,147560
შპს თბილმშენი-3,202886412,147284
შადრევანი,209463917,146995
ბუნებრივი აირი,231251007,146553
ბ&დკომპანი,412680273,146257
ქარდ სოლუშენ,205023605,145446
პისი ქორნერ,404857847,144728
ქარდ თაიმი,204576100,144402
შპს ავტოლიდერი,401970382,144287
შპს კობრა-კობრა,200271339,143537
ბორაკო,205176165,143111
სენა ავტო,205175941,142790
"სს გ.ნათაძის სახ. სანიტარიის ჰიგიენისა და სამედიცინო ეკოლოგიის ს/კ ინსტიტუტი",202057219,142779
პარნასი,204990055,142042
ბონდი-2009,245626470,140925
ბიზნეს ალიანსი,206182646,140638
ბრენდა ჯორჯია,205282219,140632
Ltd italGeoConstructions&Mani Management,245624196,139940
გიდმედი,202453987,137928
მეგა ფასად ქლინინგი,406024485,137497
E-2010,448381992,137297
კავშირი ძველი საქართველო,205112233,137078
შპს ვიზარდ ივენთი,204572177,136681
მატრიცა XXI,206337338,135751
ენერჯი ინვესტ გრუპ,202390901,135000
შპს ტემპი-7,245591417,134964
შპს თანადგომა-1-გაზეთ საქართველოს რესპუბლიკის გამომცემელი,202411808,133327
ომეკო,225068486,133200
კრისტალი 2005,225385400,133140
შპს ბელ-ბაუ,205156748,133060
შ.პ.ს. სერვისცენტრი,200110968,132715
შპს სატურნი,202362905,132375
შ.პ.ს. სტანდარტმეტრ ჯგუფი,448383909,132218
თბომშენი,212681249,131998
Alex Development Georgia LTD,205208899,131735
შპს უნიმედი აჭარა,404865972,130340
შპს ბი-სი-ჯი კვლევა,202209029,130319
ფასტ ნეტ,205275824,130000
POP-CORN,404917024,129048
ავიაკომპანია თუშეთი,208193925,127800
შპს ავტოსერვისი დიდი დიღომი,211358975,127638
მარსი მმ XXI,247864761,127460
ექსიმ პარკეტი,401958315,126099
შპს ჯი ემ სერვისი,200255446,125163
სასტუმრო ამბასადორი,404383234,124129
აც ჯგუფი,401962471,122706
მიფასი ტექ,445395769,122700
ნოკა ჯგუფი,400025539,121907
მზიანი საქართველო,204564872,121745
შპს ჯეო-ტრენდი,404860085,121570
ნიუ არქიტექტი,440388037,121104
შ.პ.სზუმერი ჯორჯია,202462717,120749
საქარტველოს ტექნიკური ჯგუფი,200236707,120329
იზოლსერვისი,400012703,120115
შპს გეგი,202060893,120000
ქუთაისის ავტომექანიკური ქარხანა,202236794,119900
ახალი საქქალაქმშენპროექტი,205286616,119539
ჯი ენ ემი,401949898,118777
ჯი ბი ელ,404406139,118501
შპს ბრიტანული ცენტრი,404393081,118029
შპს აგრონეტი,400033913,117350
კვანტ-ელექტრონიკს,205084674,117267
ganateba 2011,446952986,116805
ჯორჯიან გრუპ,412678222,116720
მარკეტინგული ცენტრი ტერრა მედია,205222515,116026
დიდგორი,404380736,114939
ჯი - ემ - ეს,204453313,113513
შპს ტერაგრაფიკი,205190595,113448
შპს Urban Motors,401971185,113000
ბათუმის სამშობიარო სახლი,245428434,112424
შპს მეტრი,205045645,112164
ბრენდჰაუზი,205223006,112000
ა-პრო,400012375,111934
აი-ეს-აი ავტო,205232782,110205
გორმშენი,218036391,109554
ბიზნეს პარკი,215140103,109450
ერ-დი ჯგუფი,202461754,109224
შპს გუნგლი,225068271,108254
დგთ,404379784,107908
ელკალიტა,406054987,107367
მეგავეტი,443854651,107340
ბეარინგ.ჯი,205254598,106825
სისტემები,202324225,106680
დაჩი  გრუპ,200243218,106441
შ.პ.ს მ.გ,412676947,106439
შპს ალგეთელები,430797248,106309
პონტო,215082345,105943
შპს აბტ ინტერნეიშენალ,205224256,105912
არგადესი,230095875,105748
შპს ბაკურ სულაკაურის გამომცემლობა,204931164,105600
შპს ტექნოკომპარკი +,205255007,105473
შპს ვორლდ სერვისი,202251080,104524
M ავტო,416290864,104408
ზებრა,205291575,104400
ვივა ჯგუფი,200273453,104130
გამომცემლობა კოლორი,208149859,103784
GIOX,404889162,103025
შპს ჯორჯიან ტექნოგრუპი,412687560,102996
ალტერნატიული უსაფრთხოება,205204535,102934
ავტო სტილი,236095845,102300
შპს უჯრედული ტექნოლოგიებისა და თერაპიის ცენტრი,205284093,102065
უნივერსალ ტექნიკსი,400009959,102000
ჯეპრა,206130239,100985
შპს უნი ინვესტი UNI INVEST,205285519,100278
ნიუ პაუერ,401962872,99909
იროთი,205260411,99499
ბეიკერ ტილი ჯორჯია,211325056,98700
შ.პ.ს.ავტოსატრანსპორტო საწარმო ავტოსერვისი,221286917,98506
შპს ავიაკომპანია გლობალ აირ,406034198,98400
ჯეი პი ეი ფინანსაუდიტი,200032810,98185
ივერია -  2004,200100381,97993
შ.პ.ს კამარა,404419973,97865
ბიარტი,202463636,97740
ელ-დკ,216452283,97550
შპს ნატახტარის წყლები,205289855,97164
მაკაგონი,400001467,96787
შპს GANAXLEBA,448047532,95890
საქართველოს სამშენებლო კომპანია,204991090,95531
შპს სტილ სერვისი,202459302,95401
სხივი,400003893,94369
შპს გაზ-ენერჯი,205242245,94095
შპს დოქტორ ზაუბერი,205194350,91999
ჯორჯიან ჯენესის,205268743,91900
აუთდორ სეილ,204576280,91164
სტერეო+,204986408,90000
თამბაქოს კონტროლის ჩარჩო კონვენციის იმპლემენტაციისა და მონიტორინგის ცენტრი საქართველოში,206138302,89300
შპს ფრიშოპ.ჯი,404387356,88791
შპს კორამედი,204918544,87414
შპს ნიუ თაიმ 2011,424065950,87094
შ.პ.ს. სააგენტო სერვის ცენტრი ტ.გ.მ,206030418,86535
ბაგ ელექტრონიქს,205265078,86100
შპს მონმოტორსი,445397874,85920
შპს ვაჟი,233147305,85702
შპს დილის პროდუქტები,204516194,85579
იმერეთი-98,204915841,84928
MW,416296261,84802
აეროსოფტი,404383421,84590
ს.ს მ. ასათიანის სახელობის ფსიქიატრიის სამეცნიერო კვლევითი ინსტიტუტი,212002660,83448
შპს R-deluxe,401965897,82999
პრაიმ თაიმი,202334508,81080
სამშენებლო კომპანია ოდი,205259664,80870
საქართველოს საოჯახო მედიცინის პროფესიონალთა კავშირი,205017694,80000
ჯეუ გრუპი,205251537,79999
შ.პ.ს. ოაზისი-2008,243918105,79799
თამარიონი-2002,204438787,79644
შპს აისბერგი,404921527,79500
გლობალ პროექტი,204551715,79400
შპს ჰორიზონტ-ეირი,204403412,79285
კავშირი ბი-სი-ჯი-კვლევა(სოციოლოგიური კვლევითი ცენტრი),204968525,78288
საზოგადოებრივ ინიციატივათა ჯგუფი,205278929,77600
შ.პ.ს. ვალო,441554462,77234
ევროპარკი,202267983,77000
საქართველოს ქაღალდის წარმოება,206169297,76840
სოციალური კვლევისა და ანალიზის ინსტიტუტი,204939950,76000
კავკასიის ტექნიკური სერვისი,205244065,75622
მამული 2010,406040314,75535
ბიდიო,205145403,75520
ჯბატ GBAТ,404407628,75157
შ.პ.ს.ყაზბეგის სატრანსპორტო გაერთიანება,441483048,75157
ტელეკომპანია მე-5 არხი,225357878,74970
რანდი,248385867,74499
შპს თბილისი - 95,202893324,73557
ჰოლდინგი საქართველოს მედიის გაერთიანება,205161572,73500
სპექტრი,406035188,73159
ენერგოსექტორმშენი,404880081,72999
შპს ჯენერიკი,204422954,72873
მაიჯიპიეს,205216176,72860
თ & კ,404406932,72384
ლუსულა,205080749,72376
შ.პ.ს ტაო,222717353,71541
ფინანსური მართვის ჯგუფი,205279660,71100
აჭარის ა.რ. ხელბურთის რეგიონალური ფედერაცია,245603173,70500
შპს მადლი,426109383,70488
თი ბი უნივერსალი,404384493,70387
შპს პურის სახლი,245421609,69810
ბალავარი,239869282,69552
შპს აუდიტორული კომპანია პროფესიონალი,200262973,69499
მულტიტესტი,205025676,68830
არგო-2005,245529094,68500
სადაზღვევო კომპანია პარტნიორი,205224675,68494
აითი-ნოლიჯი,204993187,68442
შპს  ბიოლენდი,204568146,68362
შპს I GPS ოპერატორი,404920289,67090
კონსულტაციისა და ტრენინგის ცენტრი,204888130,66917
გზამკვლევი 2001,404407496,65655
NEW STYLE,448047284,65570
საბურველი,225060821,64999
სს გამოფენების ცენტრი,201990104,64874
მენთეშ პროდაქშენი,404878110,64787
კორომი,224067729,64618
დიაგრამა,404917550,64277
ახალი ხედვა,202454744,63600
აგ კომპანი,226579887,63370
შპს რევა,448381313,63000
სისტემა,202062828,63000
ჯორჯია-საიდე,202460407,62994
შპს არტ ვიჟენი,445384986,62898
პარადისო,404877736,62472
ჯორჯიან გრუპი,412672273,61954
ელვაკომი,225393106,61700
ბორან ლაითი,206343492,61257
შპს სპეცმშენი,417873527,61209
რაში+,204562669,61170
CAIMAN,200154108,61080
შპს ელერ კომპანი,202452942,60998
კავკასუს აუტო ფართს,205295759,60921
აქსელი,404852977,60540
ევროტექ ჰაუზი,205210387,60325
შ.პ.ს საპროექტო,215590153,60019
ფარმანეტი,404890445,59700
შპს ჭიათურმანგანუმ ჯორჯია,215147874,59000
იკორთა_2007,205216327,58998
შ.პ.ს პროგრესი 2000,208211175,58758
ელდორადო,245539074,58150
ქეარ სერვის ჯგუფი,406030389,58013
თეგეტა პრემიუმ ვიიქელს,401950938,57808
საქართველოს ყრუთა კავშირი,201945574,57800
ოპტიმუმი,204480515,56656
#5 კლინიკური საავადმყოფო,200010674,55975
შპს მშენსერვისი - XXI,222014497,55860
აღმოსავლეთის ელექტროტექნიკური კომპანია,400005711,55100
მაგისტრი,205042130,54798
საქართველოს_საპატრიარქოს_წმიდა_იოაკიმესა_და_ანას _სახელობის_სამშობიარო_სახლი,203860811,54000
გლობალ მოტორს ჯორჯია-ჯი ემ ჯი,406043115,53900
შპს  გ.ნ.მ-2008,248434902,53500
კალიფსო თრეველი,205019745,53499
აჭარის ფუტზალის და საპლაჟო ფეხბურთის ფედერაცია,245625480,53400
კავშირი ბორჯომის ბავშვთა ფედერაცია,226109680,53200
ა.გ2000,404908285,53101
ლ-ნ,200229261,52842
შპსINSIGHT,215613405,52339
ანგისა,248382487,52213
შპს სახეები და სახელები,404872376,50950
GI Group,404398861,50905
ბათუმის ტურისტული სააგენტო,445388054,50859
შპს ნაკადული,217873237,50789
გსი ტექნოლოგია,202445746,50700
კო-ზა,404895976,50663
ამერიტექი,204527609,50301
პრემიერ პალასი,205282415,50150
საქართველოს სტრატეგიული კვლევების და განვითარების ცენტრი,204873618,49500
იბერიამოტორს,236090065,49000
მშენებელი,204999671,48380
ლ.დ. იუნიონ,205246517,48259
ჰეფი გრუპი,404882828,48000
შპს აჭარმოტორსი,248382931,48000
აკასტუდიო,401959591,47900
შპს ნენე,404970126,47278
ჯორჯიან ექსპრესი,201954965,47181
შპს ელვა,224080679,47176
ხახუტა,246755676,47090
შ.პ.ს. ვესტ-ცენტრი,231946231,46909
არქიდეა,202374028,46890
ანასეული,204575520,46889
შპს ჯორჯიან მიკროსისტემს,202268517,46500
შპს ქარდპრო,404882392,45811
აკა ჯგუფი,202449449,45590
ჯი ეს იუნიტი,205258219,45589
შპს პოლიმერკონტეინერი,244971090,45484
იბერია ტექნოლოჯი,204563873,45399
შპს საგანმანათლებლო ცენტრი უან ველდი,205085012,45323
შპს დიდი მინდორი,445387340,45140
სს APLR,404948438,45000
ინჟინერი,406043473,44760
ალბიონი,412670952,44400
აგრო,404902352,44000
ინტერდიზაინ+,204519547,43648
თულ სერვისი,400008184,43535
ტექნოგენ,205259655,42864
გლასფასადი,400016601,42616
არმა-კაპიტალი,245630508,42250
ხობმონტაჟმშენი,201954402,42185
ჯეოსელი,203841940,41966
გუდაური 2011,441483173,41500
სს  საზღვაო ჰოსპიტალი,245442695,41400
რუსთავის მუნიციპალური ავტოტრანსპორტის  საწარმო,216416180,41272
შპს ყველაფერი მშენებლობისთვის,404941239,41070
ფავორიტი სტუდიო,404379515,41030
შ.პ.ს ეითი,231241260,40976
რუსთავის საინფორმაციო ცენტრი,216398869,40899
მტს,246951259,40649
შპს I&N,404885013,40374
ქეთ ტურს,404887128,40100
ინფო ქოლი,205286509,40000
აჭარის ა.რ სპორტცეკვების ფედერაცია,245441598,40000
ონიგზა-99,237976516,39680
საქართველოს ჰიპერტონიის შემსწავლელი საზოგადოება,200082034,39515
ოლდ თაუნ ჰოსტელი,404870831,39200
ხელოვანთა კავშირი ხელოვანები მომავლისთვის,404387980,39113
შპს ვექტორი,229282424,39049
თორი,203868975,38915
შპს აგრო-მოლი,240420576,38800
ედბრენდი,205060306,38800
კავკასია-99,202062640,38695
დელტა,204440122,38244
საქართველოს მაცივარაგენტების შეგროვებისა და რეციკლირების ცენტრი,206203687,37919
შპს მარკეთ ინთელიჯენს კაუკასუს,204538580,37772
აგროსერვისი,245441561,37559
ლანდშაფტი და არქიტექტურა,404851790,37399
გემა,206205177,37200
გეომედიკა,202397931,37141
საქართველოს ეკონომისტთა ფორუმი,204553241,37000
სასადილო მადლი,233146388,36667
ნერგები,202274252,36475
Е2Е4,404398120,36438
შ.პ.ს ლ.პ და კომპანია,205188893,36370
შპს ვირაჟი,404425323,36171
სმარტექსი,202455850,35639
შიფა,245570868,35620
ჯი ენდ ჯი პროდაქშენ,404379481,35450
ენკომი,401951483,35430
შპს შვიდი ფერი,445407300,34720
ვოიაჟ.ჯე,205251145,34678
ჯიტეკი,205204438,34576
დიჯითი,404417831,34557
შპს ა.დ.მ.-ფარმა,205267478,34409
შპს ლიკო,406035589,34170
საქველმოქმედო ფონდი პარალელი,245562207,34150
ზურა ტატიშვილი,404868443,34076
შპს გეო-რენჯერ,204573817,33500
შპს უნიქოლორი,204447312,33426
ჯგუფი კახური საქმე,227771863,33095
აა პლასტი,206271826,33050
GLL,400033520,32400
სუპერი,205050905,32097
ოჯახის ექიმის სამედიცინო ცენტრი,205203386,31999
Crosslane  Investments limited-ის კანონიერი წარმომადგენლობა  კონსალტინგი და კომპანია",426519083,31998
ჩელე+,240420629,31900
"აუდიტი,205141309,31820
საქბინრემპროექტი,201953056,31639
შპს სტუდია არსი,205210136,31470
შ.პ.ს ალიანს კორ,202452586,31300
შ.პ.ს. ახვლედიანი ბიზნეს კონსალტინგი,205233200,31180
შპს ინტელკომ ჯგუფი,202441189,31099
შპს ნიუ ენჯინირინგ,206346051,30934
სანიტარი 2010,400005659,30406
წყალსერვისი,243572843,30333
შპს სტეპ-რეკორდს სტუდიო,205276930,30000
ტექნიკური აღრიცხვის სამსახური,205050335,30000
საქართველო,246954176,30000
შპს. MAQ AUTOPARTS,401953089,30000
დუღაბი,245546681,30000
ჯთ დიზაინ მეტალი,212920213,29990
ემ ჯი ჯგუფი,205204401,29880
შპს.გეო,248386562,29715
შპს ბეთერ ფლაი,205265979,29704
შ.პ.ს. აბული გ,246762301,29601
აჭარის წყალბურთის ფედერაცია,245628968,29550
შპს კოლორიტი,445389035,29292
პროფესიული კოლეჯი იკაროსი,211351071,29152
შპს თბომონტაჟჯგუფი,419986867,28735
იბერფუდი,400006220,28716
შპს მედკაპიტალი,205218030,28570
შპსსუფთა წყალი,205150655,28500
არმოლი,404387203,28150
შპს ლაგი 2009,206340565,28098
საქართველოს მედია ჰოლდინგი,404918513,28000
აუტოჰაუზ,204967991,28000
შპს რელე+,205263784,27940
კომპანია ტექნოლოგ-სერვისი,233644321,27119
შპს ჩირაღდანი,233108348,26919
ფინანსები,204909019,26618
შპს გეო ფიტნესი,205150717,26400
შპს გაინათი,244687629,26198
საქენერგომაში,205197810,26000
შპს ჰაიდელბერგ ჯორჯია,204565274,25619
გამაპრინტ,245622928,25550
ელ–სერვისი 2012,416298054,25360
გეოლოგია და მინერეალური რესურსები,205182746,25275
არტ აქტივი,404854314,25000
ტყეინვენტი,204980958,24989
შპს ბათტექნიკა,245436489,24840
შპს ჯი-მარტი,206343991,24524
HB ეიჩ ბი ჯორჯია,404379793,24445
მაგი სტილი,208149895,24320
შპს ხულოს ავტოსერვისი,248048544,24318
შპს ტემპი 777,404418162,24183
კპი საქართველო,400010796,24000
ჯი.ემ.სერვისი,404908427,23954
გამომცემლობა ნაკადული,212273467,23948
შ.პ.ს ნიკე 2009,243916615,23734
ბურჯი,445400101,23562
შპს MADE IN GERMANY,404927460,23120
აკორდი+,200273159,23069
ცოდნისა,211344188,23000
ბლუბერდ,404879271,22889
ბელუქსი პლიუსი,205289249,22731
სს კანისა და ვენსნეულებათა ს/კ ინსტიტუტი,202887108,22705
შპს დოქტორ ქლინინგი,404385599,22478
შპს Creative light,400071248,21999
ელენი,204971717,21987
შპს ბეკარა იმპორტს,406065485,21830
შპს ლუზი-კომპანი,245617346,21800
სპს ზურაბ ლეკიაშვილი რეაავტო-50,240391811,21500
კოკა-+,244691106,21489
ვეისმარკ,404378561,21440
ვი აი პი პრინტი,204567708,21158
დმს,404868728,21030
შპს ორიონი,230066629,21000
შპს ბეჭდვითი სახლი,206267485,20909
მეგა ქლინინგი,406024476,20888
შ.პ.ს პრიმა აუდიტი,206309582,20820
ჰელსი თ.ე.,205207391,20790
ბაო-2007,216447496,20779
"სპს საადვოკატო ბიურო კორძახია  ჟღენტი",204438162,20768
ინფოჯორჯია XXI,202177296,20701
ბონაკაუზა,204418692,20464
შპს საი გლობალ ჯორჯია,200192111,20000
შპს TRADE GENERAL,446953592,20000
საგზაო მოძრაობის უსაფრთხოების საექსპერტო ცენტრი,205068567,20000
კომილფო,404860414,19950
გზაპროექტი,245544638,19800
კახაბერი-2005,245523679,19800
დებიუტი,205152662,19640
შპს ბრიკეტი 2012,406076080,19130
შპს თამ-ენერჯი,206274501,19000
წითელქუდა 2008,245623222,18705
შპს მემონტაჟე,230032014,18666
Art Way,445413972,18500
კომპანია დე.ტა,224092372,18499
თი ენდ აი კომპანი,404887743,18111
ტეხნიკალი,200268496,18100
შპს  სამბიტი,224082098,17980
ასოციაცია ანიკა,204956903,17927
მესამე,204905503,17415
არქსტუდიო,404922134,17150
ევოკო ჯგუფი,202434703,17084
საქართველოს ექიმთა ასოციაცია,211374779,17000
შპს თალაკომპანი,202457171,16990
დონ იმპექსი,404855279,16940
შპს UNIVERSAL FILM PRODUCTION,404921180,16830
გამაპრომოტიონ,245629342,16400
შ.პ.ს. გზა 2007,248056357,16268
ინდუსტრია-2,204931244,16094
შპს არეალი,204531738,16000
შპს ტრანს 2007,205193324,15849
შპს ჯორჯიან ივენტს,206241057,15822
დი ენდ ჯი,404880483,15562
შპს მშენი,427717429,15550
შპს მაუნთლენდ,404884817,15500
გაა კონსალთინგი,205237242,15500
შპს სავანე ჯგუფი,200245555,15400
ეი.პი.ეს,236053140,15290
ტექნო ბრენდი,440388279,15197
live band,445407541,15150
შპს ირაო არტ,204536010,15000
შპს ლინორი,205273050,14983
ტონეტ,204460074,14972
გაბა+,440388082,14900
შპს ჰოსპიმედ ჯორჯია,206335704,14800
NOVAMED GEORGIA,445396884,14720
საბა 2007,226162951,14716
შპს რედ ინკ სტუდიო,205292191,14680
საჩხერის რაიონული საავადმყოფო პოლიკლინიკური გაერთიანება,239403463,14575
კახორი,404871983,14165
შპს აგარის შაქრის კომპანია,406031725,14090
ლოლი,404864562,14006
დასე,220415110,14000
ივერსი,205077593,14000
აგროგეო +,404880287,13959
ვატ–007,416288038,13929
შპს რეფერალური დახმარების ცენტრი,401946784,13600
აი-ეს-ეი სერვისი,211384839,13534
შ.პ.ს. საბა,212802109,13500
წყარო,412673085,13373
შპს ჯეოსვითს,206346284,13128
მედია მენეჯმენტ სერვისი,204513106,13000
შპსდათო 777,426109089,12870
ბი აი სოლუშენს,204561287,12850
თელავის მარანი,204969230,12705
ჯორჯიან ბეიქერს,202450640,12690
შპს ნადიგო,400005043,12604
ჯეო ბიზნეს ჯგუფი,220405611,12600
შპს AGA TRADING G,404956954,12549
შ.პ.ს. D&E,406041457,12509
შპს  vip servici,445387144,12385
შ.პ.ს  GMN GROUP,204555007,12150
42 გრადუსი,204533601,12100
შპს ენ ბი ოუ ახალი ბიზნეს შესაძლებლობები,205260055,12000
კვლევისა და განვითარების ასოციაცია,204953292,12000
ხადილი,205258317,11801
შპს GIO TEXTIL,447860342,11640
შპს ალექსანდრე სოხაძე,400024424,11509
სათავგადასავლო კლუბი ჯომარდი,202231806,11500
ემკონსალტინგი,400012197,11490
ერთობა 2012,412681717,11398
შპს ინტეგრირებული ბიზნეს გადაწყვეტილებები,205033444,11350
რელტო,406037042,11264
მეგაავტო,406030316,11000
კ.ერისთავის სახელობის ექსპერიმენტული და კლინიკური ქირურგიის ეროვნული ცენტრი,202051689,10900
ბიბლუსი,205254892,10890
შპს იბერტეკ გრუპი,445388394,10797
ბორან სოფქიმია,206337784,10720
შპს სკაინეტ,412676509,10500
ჟღენტი და ტრანსკომპანია,226523857,10500
DeviSport,404920993,10480
ჩაინა თრეიდ კომპანი,400020482,10384
აჭარის ავტონიმიური რესპუბლიკის ჭადრაკის ფედერაცია,245424704,10078
ალდაკი,205220848,10000
კაპიტელი,204898361,10000
ქართულ-აფხაზურ ურთიერთობათა ინსტიტუტი,203865255,10000
შპს არძანი,203840709,10000
შპს ფიფქი-2007,245588029,10000
საქართველოს სამთო გამყოლთა ასოციაცია,204419218,10000
აჭარის ინტელექტ-კლუბი,445393627,9995
შპს შხიროლი,206327321,9930
გროსო,206270417,9849
შ.პ.ს. ინტეგრა,400011866,9780
კავშირი კახა ბაკურაძის მოძრაობის თეატრი,205074809,9758
პროჯეკტ კომპანი,404892853,9718
შპს ავტოკლინიკა 011,448381037,9620
შპს პარტნიორები-საქართველო,204465961,9500
ააიპ საქ. ანესთეზიოლოგიის და კრიტიკული მედიცინის საზოგადოება,202290804,9470
კომპი +,406032056,9300
GEOMED,404385884,9259
აწყური+,206321880,9250
სასტუმრო ჩაო,245621590,9240
გრინ ეფლი ჯორჯია,404900531,9180
ფოთის ტელევიზიის მოყვარულთა კლუბი,215108283,9110
აქვა ტექნიკალ სისტემს,205243002,8900
განვითარებისა და თანამშრომლობის ხელშეწყობის კავშირი პროგრესი,245443097,8900
ფარმალაინი,404396701,8892
შპს ანანკე,205276510,8848
აბ ვიზიტ აჭარა,245439770,8847
ქართული სუვენირი,401960008,8800
მრეწვვენტილაცია,201951726,8748
საინფორმაციო ტექნოლოგიების ცენტრი მზიური,204870309,8600
შპს თბილისი იპოდრომ სერვისი,404869282,8300
შპს კლინიკა ჯანმრთელობა,247865270,8250
ფორ-მაქსი,406035678,8164
დელტა პლუს,417873135,8111
გლობალ სექიურითი,204468343,8100
საქართველოს ადგილობრივი თვითმმართველი ერთეულების ფინანსისტთა ასოციაცია,205234496,8000
შპს ფინანსური გადაწყვეტილებების ჯგუფი,205043344,7995
სინგულარ ჯგუფი,204577065,7886
GLI,445388072,7700
შპს აუდიტ-რეფორმატორი,205017907,7500
რამი,212853606,7500
შპს თიემპრინტ,204559931,7446
შპს ჩაო,445402617,7400
ჰო და არა,233646542,7320
შპს MARETI 2011,447860217,7200
ბიზოლ ჯორჯია,404863395,7160
ჯეონეთი,204918321,7000
შპს ჯეოგლობალი,404401063,6999
შპს ლაშვარდი,245619763,6997
გამომცემლობა მერიდიანი,200004850,6845
შპს ართ ქორნერ,404414120,6838
შპს ხულოს აფთიაქი,248049179,6799
ალფა+,202308056,6750
სტუდია თავისუფლება,406041830,6720
შპს AMG+,404916294,6700
სანდოკა,245595208,6649
სერვის რეინჯ ჰოლდინგი,200188046,6500
შ.პ.ს. ლუგი,431165437,6500
შპს გუდაური სქი რესორტ,204576066,6500
სამოქალაქო განვითარებისა და ინტეგრაციის ცენტრი,415081985,6400
პრინტ კოპი სერვისი,216430752,6297
ახალგაზრდები ჯანსაღი მომავლისათვის,445383451,6010
შპს დისქავერი,200100309,6000
დემა,417876677,6000
სუპერსეგვეი  საქართველო,205220786,6000
კესანო,415082243,5950
შპს დაგი 2010,401944544,5867
შპს აუდიტ-ცენტრი,201990989,5797
ნიკა+2009,205294144,5650
შპს სარი,206037698,5600
შპს ბომბორა,248386303,5550
შპს ბორჯომის საინჟინრო ცენტრი,226149842,5455
ლინკი,404895627,5450
შპს საქართველოს მეტროლოგიის ცენტრი,404941701,5300
მმ მშენი,446952165,5199
აიპ მდგრადი ენერგიების ცენტრი მზის სახლი,205183353,5094
შპს ბირთვი,438725239,5091
პაპირონი,224092568,5085
ჯი ვი ენდ კომპანი,200227968,5047
შპს printer.ge,404958319,5009
რენე +,200272702,5000
შპს ივერია ქსელი,202926076,4996
რაჭმშენი,237978168,4990
ელიტ აუდიტი,245627978,4950
ღვინის სახლი,205091283,4950
საქართველოს საზოგადოებრივ საქმეთა ინსტიტუტი,204429341,4900
ბრიფეა,205280612,4900
შპს საგზაო კომპანია,406077944,4800
სამშენებლო-საპროექტო ჯგუფი - მომავლის პროექტი - პრომო,215612120,4800
შ.პ.ს ვენდინგ ჯორჯია,204573167,4754
შპს რიგალი 2008,245622303,4700
შპს ხუროთმოძღვარი,236085847,4699
შპს ისანი-სამგორის რაიონის საბინაო კომუნალური მომსახურების სერვისული ცენტრი #90,206121542,4625
კოსმო თრეიდი,404864321,4612
შპს სანია,206339817,4450
ციფრული სამყარო,419984976,4440
შპს ტრანს 2,206330996,4285
ოქტან-მედეა,245560833,4213
კადასტრი XXI,236082092,4150
შპს პიქსელი,205160715,4000
შპს ჩუბინი,400052508,3998
შ.პ.ს. საკანცელარიო სამყარო მლ,212907041,3799
შპს ბარსონა,222937302,3700
დეიზი,249271167,3685
სპიდ მასტერი,404407094,3584
შპს ავტოტესტ გეორგია,204903747,3545
დიამედი,406027384,3430
საჩხერის კინო,439392239,3199
DGM MEDIA,204978596,3065
საქართველოს ინვალიდთა ფედერაცია აღორძინება 2002,212811126,3000
შპს ფავორიტი ედვერთისმენთ,404416128,3000
საქართველოს თეატრალური საზოგადოების შემოქმედებით კავშირი,203850412,3000
გლობალ კონტაქტ კონსალტინგი,204952275,2800
შპს ახალი განათლება,202058735,2770
შპს G&I group,446954190,2757
ხაშურის დეზინფექცის დეზინსექცის დერატიზაცის და სტერილიზაცის სამსახური,243861530,2699
შპს GIS,404888038,2650
ა(ა)იპ აჭარის ავტონომიური რესპუბლიკის საბრძოლო ხელოვნებათა კონფედერაცია,245629896,2500
ჯეო-ფლორა,202355138,2500
ბიზნეს ჯგუფი,400006088,2275
ჯი არ სი,205017578,2166
იმუნა,205051931,2150
პარაგონი,401954836,2109
შპს ო.ეს.ეს.ჯორჯია,204543333,2022
გლობუსი ემ-ბე,202446969,2000
შპს გამომცემლობა დიოგენე,204876090,2000
ეფ ემ ჯი კონსულტანტი,404857491,2000
სერვისექსპრეს+,404858542,1989
შ.პ.ს ოცნება,245403086,1980
ირქიანა,419982282,1957
გოდოლი +,202222638,1930
მზე-2006,212871828,1925
შპს ეისითი კომუნიკაციები,204495215,1900
შპს ჯიმედ სერვისი Gemed Service,404944003,1700
ჰარმონი ივენთს,204567922,1603
შპს ჯეო ელექტრიკ,401943527,1365
სს ბაგრატიონი-1882,209437885,1300
ავტო დახმარება,400021230,1200
ალტე ეგო-XXI,245625293,900
შპს INLIGHT,445399729,700
ქიზიყი,400018645,500
ეკო სითი,404901424,280
საქართველოს ბანკი,204378869,200
